{"cameraMode":{"drawMode":0,"name":"Shaded","section":"Shading Mode"},"sceneLighting":true,"audioPlay":false,"sceneViewState":{"showFog":true,"showMaterialUpdate":false,"showSkybox":true,"showFlares":true,"showImageEffects":true,"showParticleSystems":true},"in2DMode":false,"pivot":{"x":11917.3388671875,"y":82.02152252197266,"z":-9894.005859375},"rotation":{"x":-0.04766196012496948,"y":0.9506920576095581,"z":-0.1835932433605194,"w":-0.2459755688905716},"size":3193.28564453125,"orthographic":false}