{"cameraMode":{"drawMode":0,"name":"Shaded","section":"Shading Mode"},"sceneLighting":true,"audioPlay":false,"sceneViewState":{"showFog":true,"showMaterialUpdate":false,"showSkybox":true,"showFlares":true,"showImageEffects":true,"showParticleSystems":true},"in2DMode":false,"pivot":{"x":-1473.4471435546875,"y":208.716796875,"z":279.8294372558594},"rotation":{"x":-0.17693006992340089,"y":0.6349983215332031,"z":-0.15259292721748353,"w":-0.736397385597229},"size":4072.03369140625,"orthographic":false}